<?xml version="1.0" encoding="UTF-8"?>
<section name="Workbench">
	<section name="org.eclipse.ui.texteditor.FindReplaceDialog">
		<item key="selection" value="handshake_failure"/>
		<item key="wrap" value="true"/>
		<item key="casesensitive" value="false"/>
		<item key="wholeword" value="false"/>
		<item key="incremental" value="false"/>
		<item key="isRegEx" value="false"/>
		<list key="findhistory">
			<item value="HANDSHAKE_FAILURE"/>
			<item value="Error: write EPROTO 78042120:error:10000410:SSL routines:OPENSSL_internal:SSLV3_ALERT_HANDSHAKE_FAILURE"/>
			<item value="c35e773880aa3cee0c9c4c83ddee44c5"/>
			<item value="Resp Time is:"/>
			<item value="Resp Size is:"/>
			<item value="resp code"/>
			<item value="hamcrest"/>
			<item value="createCell"/>
			<item value="grape"/>
			<item value="findElementByXPath"/>
			<item value="manager"/>
			<item value="com.sun"/>
			<item value="sun"/>
			<item value="testng"/>
			<item value="ext"/>
		</list>
		<list key="replacehistory">
			<item value="findElement(By.xpath"/>
			<item value="5"/>
			<item value="4"/>
		</list>
	</section>
	<section name="org.eclipse.ui.texteditor.FindReplaceDialog_dialogBounds">
		<item key="DIALOG_X_ORIGIN" value="1259"/>
		<item key="DIALOG_Y_ORIGIN" value="360"/>
		<item key="DIALOG_WIDTH" value="511"/>
		<item key="DIALOG_HEIGHT" value="523"/>
		<item key="DIALOG_FONT_NAME" value="1|Segoe UI|9.0|0|WINDOWS|1|-18|0|0|0|400|0|0|0|1|0|0|0|0|Segoe UI"/>
	</section>
</section>
