<?xml version="1.0" encoding="UTF-8"?>
<section name="Workbench">
	<section name="ShowViewDialog">
		<item key="ShowViewDialog.STORE_SELECTED_VIEW_ID" value="org.eclipse.debug.ui.BreakpointView"/>
		<item key="DIALOG_X_ORIGIN" value="735"/>
		<item key="DIALOG_Y_ORIGIN" value="177"/>
		<item key="DIALOG_WIDTH" value="472"/>
		<item key="DIALOG_HEIGHT" value="517"/>
		<item key="DIALOG_FONT_NAME" value="1|Segoe UI|9.0|0|WINDOWS|1|-18|0|0|0|400|0|0|0|1|0|0|0|0|Segoe UI"/>
		<list key="ShowViewDialog.STORE_EXPANDED_CATEGORIES_ID">
			<item value="Debug"/>
		</list>
	</section>
</section>
