<?xml version="1.0" encoding="UTF-8"?>
<section name="Workbench">
	<section name="expressionHistory">
	</section>
	<section name="OpenFromClipboardAction_dialogBounds">
		<item key="DIALOG_X_ORIGIN" value="642"/>
		<item key="DIALOG_Y_ORIGIN" value="47"/>
		<item key="DIALOG_WIDTH" value="658"/>
		<item key="DIALOG_HEIGHT" value="711"/>
		<item key="DIALOG_FONT_NAME" value="1|Segoe UI|9.0|0|WINDOWS|1|-18|0|0|0|400|0|0|0|1|0|0|5|0|Segoe UI"/>
	</section>
	<section name="conditionHistory">
	</section>
	<section name="org.eclipse.jdt.internal.debug.ui.ExpressionInformationControlCreator$ExpressionInformationControl">
		<item key="WIDTH" value="1020"/>
		<item key="HEIGHT" value="320"/>
		<item key="SashWeightTree" value="200"/>
		<item key="SashWeightDetails" value="200"/>
	</section>
</section>
