<soapenv:Envelope xmlns:soapenv="http://schemas.xmlsoap.org/soap/envelope/">
   <soapenv:Body>
      <cus:EarlySettlementMngRs xmlns:cus="http://www.alrajhiwebservices.com/AlrajhiEFinance" xmlns:alr="http://www.alrajhiwebservices.com/">
         <Hdr>
            <alr:Status>
               <alr:StatusCd>E086012</alr:StatusCd>
               <alr:StatusDesc>Version field validation error</alr:StatusDesc>
            </alr:Status>
            <alr:RqID>d004dab5-f1bd-4289-adb5-6a7800f9aeaf</alr:RqID>
         </Hdr>
      </cus:EarlySettlementMngRs>
   </soapenv:Body>
</soapenv:Envelope>